,r0,rc,c
0,0.001,0.3727327477507606,100000.0
1,0.35671971804220964,0.49756539673825917,707.4620943496659
2,0.4500980913267421,4.651569804268779,137.83017822897037
