r0,rc,c
-1.199810649806509089e+00,-5.368147658336384076e-01,1.286666868810037340e+04
-6.242632263859066999e-01,-4.695658738071331606e-01,1.286774418487127150e+04
1.228390664192731352e+00,3.233633799768165229e-01,1.286794018508574482e+04
7.570072204672789740e-01,-4.409600579012906696e-01,1.286745742554561548e+04
1.385077265967480820e+00,5.868797739460942520e-01,1.286666271049961142e+04
2.325371499566240285e-01,-5.597448603642257714e-01,1.286703291605388040e+04
-2.006846740580041089e-01,1.550438519469230780e-01,1.286589189697157235e+04
