r0,rc,c
2.511647379964839985e-02,1.088590623093364934e-01,2.142033749898280803e+03
2.361111111111099947e-02,1.532407407407407052e-01,1.059728424279944932e+02
2.290816326530619937e-02,1.535204081632652873e-01,1.035446603318314942e+02
4.344902498318929662e-02,1.355713029534993119e-01,1.458936197933186065e+02
