temp,soc,c1
10,0.0,6123.883917089725
10,0.5,6123.883917089725
10,0.50001,15237.5586952359
10,1.0,15237.5586952359
30,0.0,20480.70591689081
30,0.5,20480.70591689081
30,0.50001,22966.77861303526
30,1.0,22966.77861303526
