temp,soc,r0
10,0.0,0.004414548033179
10,0.5,0.004414548033179
10,0.50001,0.0040237362638697
10,1.0,0.0040237362638697
30,0.0,0.0025970516708199
30,0.5,0.0025970516708199
30,0.50001,0.0021978138785408
30,1.0,0.0021978138785408
