temp,soc,r1
10,0.0,0.0072741618380017
10,0.5,0.0072741618380017
10,0.50001,0.0040009282575446
10,1.0,0.0040009282575446
30,0.0,0.0028476244788328
30,0.5,0.0028476244788328
30,0.50001,0.0024798304568691
30,1.0,0.0024798304568691
